MovementID,Date,FromType,FromID,ToType,ToID,ProductID,Pallets,Tons
MV-20250811-3f0e7c,2025-08-11,Mill,M001,Warehouse,W001,P001,287,229.60
MV-20250811-9797b9,2025-08-11,Mill,M001,Warehouse,W001,P002,623,467.25
MV-20250811-ad89e9,2025-08-11,Mill,M001,Warehouse,W001,P003,547,426.66
MV-20250811-2055a7,2025-08-11,Mill,M001,Warehouse,W001,P004,610,549.00
MV-20250811-5b6aa2,2025-08-11,Mill,M001,Warehouse,W001,P005,173,134.94
MV-20250811-ba184d,2025-08-11,Mill,M001,Warehouse,W001,P006,418,326.04
MV-20250811-1a97d4,2025-08-11,Mill,M001,Warehouse,W001,P007,537,418.86
MV-20250811-ab448d,2025-08-11,Mill,M001,Warehouse,W001,P008,118,90.86
