MovementID,Date,FromType,FromID,ToType,ToID,ProductID,Pallets,Tons
MV-20250802-b8bb31,2025-08-02,Mill,M002,Warehouse,W001,P001,1036,828.80
MV-20250802-e7eef7,2025-08-02,Mill,M002,Warehouse,W001,P002,416,312.00
MV-20250802-008e81,2025-08-02,Mill,M002,Warehouse,W001,P003,751,585.78
MV-20250802-e97975,2025-08-02,Mill,M002,Warehouse,W001,P004,991,891.90
MV-20250802-d7e57d,2025-08-02,Mill,M002,Warehouse,W001,P005,602,469.56
MV-20250802-db6dd0,2025-08-02,Mill,M002,Warehouse,W001,P006,957,746.46
MV-20250802-de8056,2025-08-02,Mill,M002,Warehouse,W001,P007,757,590.46
