MovementID,Date,FromType,FromID,ToType,ToID,ProductID,Pallets,Tons
MV-20250806-c18e22,2025-08-06,Mill,M003,Warehouse,W001,P001,584,467.20
MV-20250806-1017fc,2025-08-06,Mill,M003,Warehouse,W001,P002,465,348.75
MV-20250806-9a684f,2025-08-06,Mill,M003,Warehouse,W001,P003,729,568.62
MV-20250806-197678,2025-08-06,Mill,M003,Warehouse,W001,P004,904,813.60
MV-20250806-ee7400,2025-08-06,Mill,M003,Warehouse,W001,P005,1330,1037.40
MV-20250806-1f07b9,2025-08-06,Mill,M003,Warehouse,W001,P006,835,651.30
MV-20250806-23b00f,2025-08-06,Mill,M003,Warehouse,W001,P007,1063,829.14
