MovementID,Date,FromType,FromID,ToType,ToID,ProductID,Pallets,Tons
MV-20250809-1f2539,2025-08-09,Mill,M001,Warehouse,W001,P001,549,439.20
MV-20250809-4ada2b,2025-08-09,Mill,M001,Warehouse,W001,P002,1087,815.25
MV-20250809-862dfd,2025-08-09,Mill,M001,Warehouse,W001,P003,896,698.88
MV-20250809-b93654,2025-08-09,Mill,M001,Warehouse,W001,P004,625,562.50
MV-20250809-e2030d,2025-08-09,Mill,M001,Warehouse,W001,P005,235,183.30
MV-20250809-7a2cc9,2025-08-09,Mill,M001,Warehouse,W001,P006,827,645.06
MV-20250809-bd4229,2025-08-09,Mill,M001,Warehouse,W001,P007,369,287.82
MV-20250809-7c2c1e,2025-08-09,Mill,M001,Warehouse,W001,P008,541,416.57
