MovementID,Date,FromType,FromID,ToType,ToID,ProductID,Pallets,Tons
MV-20250802-263999,2025-08-02,Mill,M001,Warehouse,W001,P001,1091,872.80
MV-20250802-7a3e0f,2025-08-02,Mill,M001,Warehouse,W001,P002,1021,765.75
MV-20250802-ff406a,2025-08-02,Mill,M001,Warehouse,W001,P003,1212,945.36
MV-20250802-5ee8bb,2025-08-02,Mill,M001,Warehouse,W001,P004,1034,930.60
MV-20250802-a1d94e,2025-08-02,Mill,M001,Warehouse,W001,P005,1117,871.26
MV-20250802-b21403,2025-08-02,Mill,M001,Warehouse,W001,P006,1256,979.68
MV-20250802-0fee6e,2025-08-02,Mill,M001,Warehouse,W001,P007,1035,807.30
