MovementID,Date,FromType,FromID,ToType,ToID,ProductID,Pallets,Tons
MV-20250806-c7ff27,2025-08-06,Mill,M001,Warehouse,W001,P001,506,404.80
MV-20250806-61ce95,2025-08-06,Mill,M001,Warehouse,W001,P003,499,389.22
MV-20250806-9d6fca,2025-08-06,Mill,M001,Warehouse,W001,P004,541,486.90
MV-20250806-0c6bcf,2025-08-06,Mill,M001,Warehouse,W001,P005,770,600.60
MV-20250806-b0464f,2025-08-06,Mill,M001,Warehouse,W001,P006,336,262.08
MV-20250806-ccf4c1,2025-08-06,Mill,M001,Warehouse,W001,P007,588,458.64
