MovementID,Date,FromType,FromID,ToType,ToID,ProductID,Pallets,Tons
MV-20250807-52b009,2025-08-07,Mill,M001,Warehouse,W001,P001,466,372.80
MV-20250807-8bb2ff,2025-08-07,Mill,M001,Warehouse,W001,P002,594,445.50
MV-20250807-fe02c5,2025-08-07,Mill,M001,Warehouse,W001,P003,690,538.20
MV-20250807-574428,2025-08-07,Mill,M001,Warehouse,W001,P004,426,383.40
MV-20250807-0b0818,2025-08-07,Mill,M001,Warehouse,W001,P005,337,262.86
MV-20250807-f5c7fa,2025-08-07,Mill,M001,Warehouse,W001,P006,486,379.08
MV-20250807-6b92bb,2025-08-07,Mill,M001,Warehouse,W001,P007,1066,831.48
