CustomerID,CompanyName,Contact,Email,Phone,Industry,AccountCreated,IsActive
CUST0001,Jones  Browning and Soto,Eric Johnson,vharding@obrien-chung.com,+55515166126,Office Supply,2024-06-19,1
CUST0002,Miller  Strong and Lee,April Barrera,michelle31@hotmail.com,+55791148410,Retail,2021-10-24,1
CUST0003,Ho-Francis,Hayden Avila,jimmyflores@hotmail.com,+55870635279,Corporate Services,2021-03-22,1
CUST0004,Cunningham-Ryan,Bradley Johnson,wongcorey@knox-barnes.com,+55884399710,Publishing,2022-09-07,1
CUST0005,Martin-Travis,Dawn Bullock,jenniferkaiser@trevino-solomon.biz,+55746712977,Publishing,2023-09-23,1
CUST0006,Perez  Johnson and Rose,Casey Perez,george33@king-woodward.com,+55573399437,Corporate Services,2023-06-02,1
CUST0007,Stone  Salazar and Reynolds,Shelley Mullins,daughertyjonathan@gmail.com,+55692686906,Publishing,2020-12-02,1
CUST0008,Johnson-Whitaker,Shannon Wolfe,michaeljohnson@yahoo.com,+55234659780,Education,2025-01-14,1
CUST0009,Mullen Group,Crystal Patel,ronaldprice@yahoo.com,+55421354669,Wholesale Distribution,2023-12-02,1
CUST0010,Williams  Evans and Mccullough,Kimberly Gilmore,levanessa@gmail.com,+55915362159,Retail,2024-07-10,1
CUST0011,Martinez-Kane,Donald Burke,emilyjohnson@hotmail.com,+55395668683,Corporate Services,2024-10-06,1
CUST0012,Clark LLC,Kevin Randolph,christopherfox@gmail.com,+55596848938,Office Supply,2022-02-20,1
CUST0013,Nunez-Wade,Erica Anderson,robertscurtis@gonzalez.com,+55262399137,Wholesale Distribution,2025-06-29,1
CUST0014,Jenkins-Boyd,Shelly Wallace,dennis75@yahoo.com,+55235961921,Publishing,2024-08-30,1
CUST0015,Crawford Ltd,Mary Jones,normansydney@olson.biz,+55534348064,Office Supply,2022-06-29,1
CUST0016,Arnold  Daniels and White,Mark Weaver,kendra63@yahoo.com,+55413378227,Wholesale Distribution,2023-06-07,1
CUST0017,Reynolds  Rodriguez and Johnson,Jacob Fox,hcampbell@crane.org,+55636235109,Corporate Services,2020-10-16,1
CUST0018,Hamilton Ltd,Nancy Smith,isawyer@johnson.com,+55384649791,Retail,2024-04-20,1
CUST0019,Meyer Group,Gary Schneider,lrivas@pearson.com,+55533425627,Retail,2023-11-24,1
CUST0020,Wright  Rodriguez and Williams,Emily Flowers,alanking@harris-snyder.com,+55846701058,Retail,2021-11-15,1
CUST0021,Griffith  Simpson and Nunez,James Maxwell,bpowell@spencer.biz,+55307289405,Office Supply,2024-09-26,1
CUST0022,Torres-Beltran,Christopher Wright,nfreeman@holmes.com,+55767672553,Education,2021-02-24,1
CUST0024,Chavez Ltd,Michael Olson,aaronhart@townsend.com,+55005846799,Wholesale Distribution,2022-12-24,1
CUST0025,Parker-Stein,Daniel Young,brent89@davis-moore.net,+55421348506,Retail,2024-06-18,1
CUST0026,James  Thornton and Russell,Nicole Clark,mrussell@hotmail.com,+55570806942,Corporate Services,2025-06-30,1
CUST0027,Roach Group,Dr. Brianna Howell DDS,samantha04@yahoo.com,+55926521979,Office Supply,2021-04-03,1
CUST0028,Allen  Scott and Garcia,Christina Baker,robertwallace@lambert.com,+55295434366,Publishing,2022-03-04,1
CUST0029,Cummings-Blackwell,Elizabeth Mullins,justinmata@hotmail.com,+55080748416,Office Supply,2025-08-05,1
CUST0030,Obrien-Miller,Mark Myers,mwarren@bowen-harrell.com,+55413476262,Wholesale Distribution,2023-10-16,1
CUST0031,Mendez Inc,Jason Smith,julie95@yahoo.com,+55193053080,Wholesale Distribution,2022-03-14,1
CUST0033,Shaw  Berry and Alexander,Dr. Lisa King,cjordan@hotmail.com,+55230509099,Education,2024-09-09,1
CUST0034,Maddox-Cochran,Jamie Berry,ebooker@newton.com,+55639179778,Wholesale Distribution,2024-08-05,1
CUST0035,Norton  Robertson and Malone,Steven Robinson DDS,wmarshall@hotmail.com,+55077574514,Corporate Services,2023-03-05,1
CUST0036,Lewis  Singh and Lawrence,Jeremiah Gibson,kelseybentley@gmail.com,+55927063633,Retail,2023-07-15,1
CUST0037,George  Davis and Hart,William Brown,richard02@horne.com,+55225979791,Publishing,2024-02-13,1
CUST0038,Johnson and Sons,Ryan Mills,brandonstanley@johnston-obrien.com,+55919232944,Wholesale Distribution,2024-08-20,1
CUST0039,Moore  George and Murphy,Dakota Saunders,jamie18@butler.biz,+55016492438,Retail,2020-10-31,1
CUST0040,Banks-Vang,Carrie Massey,wjones@yahoo.com,+55299235285,Retail,2020-12-19,1
CUST0041,Rosales-Sparks,Tyler Russell,hallmichael@yahoo.com,+55838903911,Office Supply,2023-10-13,1
CUST0042,White  Lopez and James,Christine Little,nicolejackson@gallagher.com,+55920955817,Publishing,2021-12-13,1
CUST0043,Golden and Sons,Elizabeth Kennedy,heather99@hotmail.com,+55449901393,Corporate Services,2023-06-16,1
CUST0044,Johnston Ltd,Andrew Thomas,lauren23@yahoo.com,+55762830874,Education,2024-07-06,1
CUST0045,Collins Ltd,John Lynch,jacob08@wong.com,+55000296241,Publishing,2022-02-27,1
CUST0046,Peterson  Hickman and Hart,John Williams,bryanmartinez@chambers.org,+55372839977,Publishing,2024-12-30,1
CUST0048,Ortiz-Mcdonald,Tommy Chan,kimberly07@sullivan.com,+55418497554,Education,2021-07-07,1
CUST0050,Smith PLC,Kevin Cummings,plindsey@yahoo.com,+55314091119,Wholesale Distribution,2022-09-23,1
CUST0051,Mcgee  Taylor and Collins,Gary Cooper,walkeranthony@gmail.com,+55279358694,Publishing,2022-03-07,1
CUST0053,Porter-Duncan,Edward Davis,erica00@williams.com,+55590234818,Wholesale Distribution,2020-08-30,1
CUST0054,Murray Group,Elizabeth Monroe DVM,ryan12@hunter-kelley.com,+55156883047,Publishing,2023-07-29,1
CUST0056,Bishop Ltd,Deborah Schroeder,jennifer13@hotmail.com,+55192741249,Publishing,2024-12-10,1
CUST0058,Young-Stevenson,Nicole Watkins,kellymckinney@yahoo.com,+55345231659,Education,2022-12-29,1
CUST0059,Petersen-Moss,Christopher Riggs,qsims@hotmail.com,+55564405589,Wholesale Distribution,2024-11-02,1
CUST0060,Morgan-Porter,Richard Delacruz,andrew64@hall.com,+55760948038,Retail,2024-02-01,1
CUST0061,Hebert and Sons,Karen Mendoza,joseph96@sanchez-huerta.com,+55593039411,Education,2021-09-15,1
