MovementID,Date,FromType,FromID,ToType,ToID,ProductID,Pallets,Tons
MV-20250804-f83dd9,2025-08-04,Mill,M003,Warehouse,W001,P001,1195,956.00
MV-20250804-cfdf03,2025-08-04,Mill,M003,Warehouse,W001,P002,201,150.75
MV-20250804-8804a7,2025-08-04,Mill,M003,Warehouse,W001,P003,1173,914.94
MV-20250804-3c513d,2025-08-04,Mill,M003,Warehouse,W001,P004,553,497.70
MV-20250804-5c0819,2025-08-04,Mill,M003,Warehouse,W001,P005,152,118.56
MV-20250804-24dacf,2025-08-04,Mill,M003,Warehouse,W001,P006,925,721.50
MV-20250804-ad1787,2025-08-04,Mill,M003,Warehouse,W001,P007,869,677.82
