MovementID,Date,FromType,FromID,ToType,ToID,ProductID,Pallets,Tons
MV-20250809-6b21c6,2025-08-09,Mill,M002,Warehouse,W001,P001,642,513.60
MV-20250809-7c65eb,2025-08-09,Mill,M002,Warehouse,W001,P002,412,309.00
MV-20250809-1f974e,2025-08-09,Mill,M002,Warehouse,W001,P003,810,631.80
MV-20250809-fdf09d,2025-08-09,Mill,M002,Warehouse,W001,P004,538,484.20
MV-20250809-aa3141,2025-08-09,Mill,M002,Warehouse,W001,P005,382,297.96
MV-20250809-0d563e,2025-08-09,Mill,M002,Warehouse,W001,P006,301,234.78
MV-20250809-958e98,2025-08-09,Mill,M002,Warehouse,W001,P007,881,687.18
MV-20250809-af4084,2025-08-09,Mill,M002,Warehouse,W001,P008,457,351.89
