MovementID,Date,FromType,FromID,ToType,ToID,ProductID,Pallets,Tons
MV-20250804-8ac612,2025-08-04,Mill,M001,Warehouse,W001,P001,1020,816.00
MV-20250804-aecfa1,2025-08-04,Mill,M001,Warehouse,W001,P002,379,284.25
MV-20250804-99ccfc,2025-08-04,Mill,M001,Warehouse,W001,P003,1062,828.36
MV-20250804-224e11,2025-08-04,Mill,M001,Warehouse,W001,P004,1012,910.80
MV-20250804-ddd0fe,2025-08-04,Mill,M001,Warehouse,W001,P005,890,694.20
MV-20250804-065747,2025-08-04,Mill,M001,Warehouse,W001,P006,999,779.22
MV-20250804-aa3087,2025-08-04,Mill,M001,Warehouse,W001,P007,1147,894.66
