MovementID,Date,FromType,FromID,ToType,ToID,ProductID,Pallets,Tons
MV-20250811-c4f28f,2025-08-11,Mill,M002,Warehouse,W002,P001,808,646.40
MV-20250811-f3ba11,2025-08-11,Mill,M002,Warehouse,W002,P002,653,489.75
MV-20250811-04b1ff,2025-08-11,Mill,M002,Warehouse,W002,P003,1217,949.26
MV-20250811-90925d,2025-08-11,Mill,M003,Warehouse,W001,P003,246,191.88
MV-20250811-ea7779,2025-08-11,Mill,M002,Warehouse,W002,P004,1055,949.50
MV-20250811-734ac1,2025-08-11,Mill,M003,Warehouse,W001,P004,102,91.80
MV-20250811-8ecfad,2025-08-11,Mill,M002,Warehouse,W002,P005,851,663.78
MV-20250811-d232eb,2025-08-11,Mill,M002,Warehouse,W002,P006,1217,949.26
MV-20250811-15a02d,2025-08-11,Mill,M003,Warehouse,W001,P006,224,174.72
MV-20250811-ecc36b,2025-08-11,Mill,M002,Warehouse,W002,P007,843,657.54
MV-20250811-70d477,2025-08-11,Mill,M002,Warehouse,W002,P008,1229,946.33
