CustomerID,CompanyName,Contact,Email,Phone,Industry,AccountCreated,IsActive
CUST0001,Hernandez PLC,Sean Smith,jdorsey@gmail.com,+1169260672,Corporate Services,2022-03-19,1
CUST0002,Jones-Kelly,Susan Johnson,tammybutler@yahoo.com,+1316463200,Wholesale Distribution,2024-04-02,1
CUST0003,Adams-Norris,Mr. Justin Hamilton DVM,kyoung@allen.org,+1124647334,Office Supply,2022-01-07,1
CUST0004,Edwards-Barrett,Brenda Mckinney,joseph17@hotmail.com,+1532717703,Retail,2022-02-11,1
CUST0006,Martinez Inc,Jennifer Acosta,xestes@hotmail.com,+1090437626,Office Supply,2024-12-29,1
CUST0007,Dalton Ltd,Margaret Franklin,xbrown@hotmail.com,+1177588709,Publishing,2025-02-26,1
CUST0008,Davis PLC,Rose Contreras,psharp@hernandez-hart.net,+1202657327,Retail,2021-06-23,1
CUST0010,Calderon  Taylor and Ballard,Kelly Butler,shannonwallace@hotmail.com,+1229325159,Wholesale Distribution,2020-12-14,1
CUST0011,Parks  Brown and Walters,Anna Foley,chubbard@hotmail.com,+1322505724,Wholesale Distribution,2022-07-24,1
CUST0012,Marsh-Crane,Rachel Taylor,timothyestrada@gmail.com,+1621143354,Publishing,2021-06-27,1
CUST0013,Ingram  Williams and Scott,Jeffrey Wu,matthew11@hotmail.com,+1048735237,Publishing,2020-10-11,1
CUST0014,Foster-Parker,Kaylee Olson,greerjoseph@chapman.com,+1353030523,Wholesale Distribution,2024-08-05,1
CUST0015,Shaw Group,Jennifer Santiago,marksmith@yahoo.com,+1477254941,Corporate Services,2021-03-09,1
CUST0016,Alexander-Wong,Amanda Ward,mwiggins@yahoo.com,+1390112379,Publishing,2021-09-26,1
CUST0017,Chase-Jackson,Joshua Garza,charles42@morgan.net,+1199109355,Wholesale Distribution,2024-05-04,1
CUST0018,Simpson and Sons,Ashley Duran,myerserin@hotmail.com,+1109073466,Education,2024-02-28,1
CUST0019,Porter-Johnson,Jill Vargas,jeffrey95@bridges.biz,+1164781600,Office Supply,2022-10-13,1
CUST0020,Nicholson PLC,Rebekah Riddle,robert37@yahoo.com,+1009292657,Office Supply,2023-01-19,1
CUST0021,Harris PLC,Mark Garcia,ryanmarquez@carroll.net,+1376962152,Wholesale Distribution,2024-04-26,1
CUST0022,Blackwell-Webster,John Ellis,welchcatherine@gmail.com,+1527590221,Corporate Services,2021-11-02,1
CUST0023,Price-Coleman,Michael Miller,xhorton@rosario.info,+1823383474,Office Supply,2022-02-13,1
CUST0024,Newman LLC,Dorothy Sanford,alejandramartinez@yahoo.com,+1783705681,Corporate Services,2021-04-13,1
CUST0025,Turner  Davis and Torres,Penny Snyder,melissa06@yahoo.com,+1957334148,Wholesale Distribution,2022-08-10,1
CUST0026,Thompson Ltd,Angela Chambers,moodyjoann@curry.biz,+1555445702,Office Supply,2024-08-22,1
CUST0027,Evans Group,Tyler Smith,annette41@evans.org,+1803618123,Publishing,2021-08-24,1
CUST0028,Taylor-Roth,Kristy Anderson,snavarro@roy.com,+1770153591,Education,2025-04-14,1
CUST0029,Hardin  Lopez and Williams,William Phillips,qallen@hotmail.com,+1984950724,Office Supply,2022-11-15,1
CUST0031,Riley  Torres and Benson,Andrew Tyler,aguilarmary@yahoo.com,+1548416915,Wholesale Distribution,2022-09-23,1
CUST0032,Lawrence PLC,Timothy Howard,potterjames@brooks.com,+1185530970,Education,2025-06-12,1
CUST0033,Williamson-Cook,Brandi Collins,julieknight@hardin.biz,+1705676907,Corporate Services,2021-07-04,1
CUST0035,Mccoy  Porter and Lewis,Robert Rodriguez,lorithomas@nichols-murphy.net,+1748883240,Retail,2024-10-13,1
CUST0036,White  Robinson and Keller,Elizabeth Khan,othompson@gmail.com,+1378477304,Publishing,2021-01-11,1
CUST0037,Gomez  Wood and Jackson,Paige Ferguson,cory28@bernard.com,+1162537768,Publishing,2020-11-05,1
CUST0038,Hamilton  Conrad and Simmons,Frank Alvarez,matthew74@gmail.com,+1005802549,Publishing,2023-11-01,1
CUST0039,Fox  Reyes and Thornton,Jennifer Cruz,angelicapena@woodard-wilson.com,+1033810062,Office Supply,2021-11-12,1
CUST0040,Smith-Davis,Barbara Jones,audrey41@villa.info,+1987984961,Corporate Services,2023-01-27,1
CUST0041,Miller  Dalton and Kirby,Tommy Haynes,debbieyoder@johnson.org,+1590525458,Corporate Services,2020-08-31,1
CUST0042,Williams-Richmond,Susan Browning,deleoncrystal@hotmail.com,+1431865696,Publishing,2024-09-10,1
CUST0043,Perkins  Miller and York,Robert Castillo,suzanne98@taylor.com,+1684774758,Publishing,2021-12-10,1
CUST0045,Stone-Terrell,Lauren Johnson,wendy78@yahoo.com,+1274160607,Education,2021-12-08,1
CUST0046,Perkins and Sons,Tyrone Lynch,coopertina@harrison-hansen.com,+1793750076,Education,2023-09-09,1
CUST0047,Sanders-Alexander,Yolanda Potter,reeseelizabeth@hotmail.com,+1979456833,Corporate Services,2021-01-15,1
CUST0049,Cruz Ltd,Jacqueline Smith,jessica70@walters.com,+1154801756,Office Supply,2025-02-22,1
CUST0050,Bell LLC,James Brown,barnesrachel@dixon.net,+1402470631,Office Supply,2024-08-28,1
CUST0051,Figueroa PLC,Brian White,susan22@gonzalez.biz,+1984907410,Wholesale Distribution,2025-06-11,1
