MovementID,Date,FromType,FromID,ToType,ToID,ProductID,Pallets,Tons
MV-20250811-97d611,2025-08-11,Mill,M002,Warehouse,W001,P001,819,655.20
MV-20250811-a46c6c,2025-08-11,Mill,M002,Warehouse,W001,P002,696,522.00
MV-20250811-cec332,2025-08-11,Mill,M002,Warehouse,W001,P003,1336,1042.08
MV-20250811-5b04d5,2025-08-11,Mill,M002,Warehouse,W001,P004,866,779.40
MV-20250811-5eb794,2025-08-11,Mill,M002,Warehouse,W001,P006,1015,791.70
MV-20250811-780f18,2025-08-11,Mill,M002,Warehouse,W001,P007,957,746.46
MV-20250811-f0ec26,2025-08-11,Mill,M002,Warehouse,W001,P008,1058,814.66
