MovementID,Date,FromType,FromID,ToType,ToID,ProductID,Pallets,Tons
MV-20250810-98ace5,2025-08-10,Mill,M002,Warehouse,W001,P002,421,315.75
MV-20250810-053151,2025-08-10,Mill,M002,Warehouse,W001,P003,107,83.46
MV-20250810-3c7f21,2025-08-10,Mill,M002,Warehouse,W001,P004,336,302.40
MV-20250810-feefcf,2025-08-10,Mill,M002,Warehouse,W001,P005,1107,863.46
MV-20250810-79c86c,2025-08-10,Mill,M002,Warehouse,W001,P006,247,192.66
MV-20250810-78a8e0,2025-08-10,Mill,M002,Warehouse,W001,P007,113,88.14
MV-20250810-460e30,2025-08-10,Mill,M002,Warehouse,W001,P008,179,137.83
