CustomerID,CompanyName,Contact,Email,Phone,Industry,AccountCreated,IsActive
CUST0002,Weaver and Sons,Margaret Rhodes,audrey87@thompson-page.com,+46466690591,Office Supply,2021-06-24,1
CUST0003,Morales Group,Margaret Rivas,davidsmith@jackson.org,+46734183794,Publishing,2024-10-29,1
CUST0004,Jackson  Jacobson and Hart,Jennifer Carter,schmidtrichard@hotmail.com,+46277038509,Office Supply,2025-04-13,1
CUST0005,Sullivan  Evans and Young,Morgan Flores,lopezcory@black.com,+46302691591,Corporate Services,2022-10-31,1
CUST0006,Campos  Young and Velez,Heather Greene,mariadrake@yahoo.com,+46483908658,Education,2024-05-07,1
CUST0007,Williams  Pratt and Crawford,Maurice Herrera,zortiz@gmail.com,+46181916319,Publishing,2024-11-13,1
CUST0008,Harris  Case and Flynn,Annette Rowe,woodsjennifer@wiggins-bullock.com,+46825970828,Wholesale Distribution,2022-06-06,1
CUST0009,Brown  Wright and Fuller,Darren Nicholson,lramirez@hotmail.com,+46462464383,Publishing,2024-06-09,1
CUST0010,Palmer Ltd,Jessica Hudson,epeterson@gmail.com,+46877455735,Publishing,2024-10-23,1
CUST0011,Hale-Blair,Felicia Carey MD,johnhamilton@richardson.com,+46524205713,Office Supply,2024-08-30,1
CUST0012,Mueller PLC,Julian Romero,serranolauren@gmail.com,+46258074004,Corporate Services,2025-01-24,1
CUST0013,Garner-Torres,Robert Hayes,jacobsonsarah@gmail.com,+46440630973,Education,2022-12-17,1
CUST0014,Lloyd Group,Gregory Miller,pamela01@diaz-gates.com,+46511762686,Office Supply,2024-01-21,1
CUST0015,Meyer-Davis,Leslie Gomez DDS,weberdennis@cole-robbins.com,+46381757792,Retail,2023-07-27,1
CUST0016,Bradley Ltd,Erik Wong,austincummings@scott.com,+46736825779,Publishing,2024-10-06,1
CUST0017,Brown  Hernandez and Salas,Vicki Wheeler,katie88@yahoo.com,+46558100165,Education,2025-03-24,1
CUST0018,Paul-Hicks,Elizabeth Campbell,thomas68@rodriguez.com,+46356330505,Corporate Services,2020-10-02,1
CUST0019,Cabrera-Barron,Ronald George,hcombs@hotmail.com,+46950270078,Wholesale Distribution,2021-09-21,1
CUST0020,Blankenship LLC,Yvonne Noble,ortegateresa@pacheco.com,+46638758722,Wholesale Distribution,2022-08-09,1
CUST0021,Stevens-Allen,Stacey Dodson,pyoung@schmidt-garcia.com,+46114518756,Corporate Services,2023-12-17,1
CUST0022,Mcdonald-Christian,Bradley Roman,toni88@jones.com,+46425758861,Corporate Services,2020-11-07,1
CUST0024,Davis LLC,Paula Flores,tkirk@wilson-beard.com,+46338343534,Publishing,2021-03-11,1
CUST0025,Smith LLC,Rebecca Patrick,brandon97@hotmail.com,+46323998345,Publishing,2022-04-09,1
CUST0026,Erickson  Dillon and Lopez,Angelica Johnson,cathy28@gmail.com,+46982808369,Education,2022-12-23,1
CUST0027,Perkins Ltd,Brandy Wang,cphelps@yahoo.com,+46729314651,Wholesale Distribution,2023-01-20,1
CUST0028,Cunningham  Fernandez and Lee,Katelyn Curtis,eburton@yahoo.com,+46373681234,Wholesale Distribution,2023-07-07,1
CUST0029,Hunter PLC,Kimberly Perez,mckeeoscar@gmail.com,+46032825126,Publishing,2025-03-05,1
CUST0030,Fernandez-Simpson,Rebecca Wilkinson,sandovalthomas@crawford-caldwell.net,+46116040367,Publishing,2023-05-14,1
CUST0031,Riley  Ross and White,Joseph Todd,dixonbrett@hotmail.com,+46907601379,Office Supply,2024-09-30,1
CUST0032,Kelly  Taylor and Taylor,George Preston,brian99@yahoo.com,+46433441051,Retail,2021-07-18,1
CUST0033,Hurley LLC,Miranda Holt,nicoleallen@lewis-cline.com,+46950028718,Education,2022-08-01,1
CUST0034,Alexander LLC,Katie Byrd,manuel15@gmail.com,+46202161360,Office Supply,2023-02-19,1
CUST0035,Jones Ltd,Cynthia Lyons,michelleflores@yahoo.com,+46138975146,Retail,2021-05-30,1
CUST0036,Carter LLC,Robin Ramirez,ramirezronald@carter.net,+46295452183,Corporate Services,2023-11-03,1
CUST0037,Jones  Burns and Watkins,Johnathan Bean,jcarlson@murray.org,+46911471252,Retail,2024-06-26,1
CUST0038,Carr  Meyer and Doyle,Christina Graham,mary06@thomas-phillips.com,+46658279679,Publishing,2022-09-01,1
CUST0039,Williams  Parker and Smith,Cynthia Ramirez,fisherkenneth@morales.biz,+46406398073,Education,2020-10-03,1
CUST0040,Rivera PLC,Kenneth Whitaker,emartinez@gmail.com,+46191005196,Wholesale Distribution,2022-12-03,1
CUST0041,Young  Garcia and Torres,Claudia Johnson,tylerknight@hotmail.com,+46763856704,Office Supply,2020-08-10,1
CUST0042,Thompson  Pittman and Powell,Austin Campbell,bryantbrenda@adams-mccoy.com,+46924739272,Office Supply,2021-06-25,1
CUST0043,Fernandez-Olson,Robert Marshall,zdyer@stewart.com,+46968694325,Publishing,2024-11-29,1
CUST0044,Hamilton Group,Nicole Leach,acox@hotmail.com,+46252835788,Wholesale Distribution,2024-10-02,1
CUST0045,Herrera  Simon and Brewer,Christopher King,martinezjulie@hotmail.com,+46722473439,Retail,2024-05-09,1
CUST0047,Zimmerman and Sons,Wanda Salas,sarah39@henderson.com,+46395616783,Wholesale Distribution,2022-06-21,1
CUST0048,Collins-Barrett,Samuel Thomas,kimberlyramsey@hotmail.com,+46096749271,Corporate Services,2021-10-21,1
CUST0049,Church PLC,Randy Harrington,whitemartha@gmail.com,+46712566235,Office Supply,2024-04-05,1
CUST0050,Barnett  Green and Miller,Michael Garcia,brookeshannon@swanson.com,+46130051532,Office Supply,2023-10-23,1
CUST0051,Clark-Bolton,Jesse Jackson,christopherthompson@hotmail.com,+46189283236,Corporate Services,2025-06-07,1
CUST0052,Ramirez Ltd,James Jones,srodriguez@yahoo.com,+46545415078,Wholesale Distribution,2022-04-24,1
CUST0053,Hernandez  Baker and Palmer,Kevin Watson,hernandezmitchell@gmail.com,+46737744733,Corporate Services,2024-09-07,1
CUST0054,Hicks  Johnston and Cortez,Lisa Bailey,bob98@bradley-berry.net,+46945436339,Publishing,2021-06-23,1
CUST0055,Daniel Inc,James Atkins,johnsontiffany@kennedy-lewis.info,+46421400726,Publishing,2023-02-10,1
CUST0056,Walker LLC,Norman Graham,hboone@hotmail.com,+46150174128,Education,2025-08-05,1
CUST0057,Hood-Garcia,Rebecca Ramos,juan94@gmail.com,+46862827265,Education,2024-03-16,1
CUST0058,Pham Inc,Kelly Bean,samantha01@king.com,+46130329619,Corporate Services,2021-11-12,1
CUST0059,Miller  Kelly and Rose,Melinda Allen,johnharris@conley.net,+46484359547,Office Supply,2020-08-12,1
CUST0060,Bush-Livingston,Julie Carter,rangeljustin@yahoo.com,+46807025353,Retail,2022-07-10,1
